"colonia","calle","No.Casa","C.P.","Ciudad"
"CIRCUNVAL VALLARTA","REFORMA",2749,44680,"Guadalajara"
"EL CENTINELA 2","HIDALGO",310,45187,"zapopan"
"RANCHO NUEVO","DOMINGO RAMIRE",1150,44240,"Guadalajara"
"LA MOJONERA","DE BARAJAS",425,45134,"zapopan"
"COPALITA","AV AMARANTO",175,45200,"zapopan"
"SANTA TERESITA","ALFREDO CHAVERO",16,44600,"Guadalajara"
"ELECTRICISTAS","RAMOS ARIZPE",451,44810,"Guadalajara"
"BENITO JUAREZ","ADOLFO LOPEZ MA",4754,45199,"zapopan"
"SAN MARCOS","CANTERA",819,44330,"Guadalajara"
"EL BRISE#O","CONSTELACION",7,45236,"zapopan"
"TETLAN","GIGANTES",108,44820,"Guadalajara"
"ARTESANOS","GENERAL EULOGIO",712,44200,"Guadalajara"
"ALTAMIRA","AV AMERICA",580,45160,"zapopan"
"INDIGENA D MEZQUITAN","18 DE MARZO",409,45190,"zapopan"
"MEZQUITAN COUNTRY","DIAGONAL NAJERA",1876,44260,"Guadalajara"
"AGRICOLA","DALIA",138,45236,"zapopan"
"EL FORTIN","ALAMO",1359,45066,"zapopan"
"UNIDAD MEXICO","CDA QUERETARO",278,45120,"zapopan"
"VISTA HERMOSA","AV VISTA HERMO",3763,45189,"zapopan"
"CANTARRANAS","MIGUEL BERNAL",3327,44829,"Guadalajara"
"TRANSITO","AV CIRCUNVALANC",479,44298,"Guadalajara"
"BALCONES DE OBLATOS","ROSA RODRIGUEZ",3876,44720,"Guadalajara"
"VILLAS SAN IGNACIO","PABLO QUIROGA",215,45180,"zapopan"
"SAN ANDRES","CALLE B",165,44810,"Guadalajara"
"LOMAS DEL PARADERO","LUIS QUINTANAR",746,44840,"Guadalajara"
"DIVISION DL NTE ZAP","FRANCISCO VILLA",27,45180,"zapopan"
"ARENALES TAPATIOS","DIAMANTE",114,45066,"zapopan"
"FRACC HACIENDA LAS PALOMAS","CALLE DEL AGUA",365,45200,"zapopan"
"RANCHO NUEVO","CELERINO NAVARR",4135,44240,"zapopan"
"JARDINES DE LA CRUZ","AV ISALA RAZA",2460,44950,"Guadalajara"
"LA FLORIDA","FLORAL",15,45234,"zapopan"
"VILLA UNIVESITARIA","AV PATRIA",1446,45110,"zapopan"
"TIERRA RESIDENCIAL","SAN MATEO",2010,45200,"zapopan"
"MESA COLORADA PTE","ANAHUAC",52,45189,"zapopan"
"GENERAL REAL","MARCONI",17,44400,"Guadalajara"
"CONDOMINIO MALAGA","AV CENTRAL",1351,45117,"zapopan"
"LA PALMITA","MANUEL GONZALEZ",518,45180,"zapopan"
"LOMAS DE MIRAMAR","PUERTO TAMPICO",80,45060,"zapopan"
"LA LOMA","LUIS PAEZ BROTC",1574,44410,"Guadalajara"
"VILLA DE GUADALUPE II","PABLO HIPOLITO",45,45189,"zapopan"
"OBLATOS PONIENTE","HACIENDA DE TAL",2191,44700,"Guadalajara"
"OBLATOS PONIENTE","HACIENDA DE LAS",2299,44700,"Guadalajara"
"EL ARENAL","CUAUHTEMOC",132,45350,"zapopan"
"FRACC REAL DEL BOSQUE","BERROCAL",449,45130,"zapopan"
"SAN JUAN DE OCOTAN","MIGUEL MIRAMON",13,45019,"zapopan"
"LOMAS DE POLANCO","RAMON ALCORTA",1597,44960,"Guadalajara"
"EL ARENAL","PROLONGACION SA",43,45350,"zapopan"
"OBLATOS","AV JUAN PABLO L",3165,44700,"Guadalajara"
"HUENTITAN EL BAJO","VOLCAN VIRGEN",182,44250,"Guadalajara"
"BEATRIZ HERNANDEZ","GAZA",1333,44760,"Guadalajara"
"RESIDENCIAL TESISTAN","AV SAN MATEO",1115,45200,"zapopan"
"SAN VICENTE","MONTES MARCIANO",2173,44330,"Guadalajara"
"LOMAS DEL CENTINELA","PASEO DEL OLMO",328,45187,"zapopan"
"ZONA INDUSTRIAL SUR","CALLE 16",2526,44940,"Guadalajara"
"BOSQUES D L VICTORIA","PENINSULA",2713,44540,"Guadalajara"
"VICENTE GUERRERO","C CEDROS",15,45134,"zapopan"
"EJIDAL LOMA BONITA","PEDRO MORENO",3308,45085,"zapopan"
"LINDAVISTA","ALLENDE",216,45169,"zapopan"
"RESIDENCIAL AZALEAS","SERVIDOR PUBLIC",1425,45230,"zapopan"
"VALLARTA SAN JORGE","TUCIDIDES",156,44690,"Guadalajara"
"JARDINES D NVO MEXIC","SEGUNDA NORTE",5699,45138,"zapopan"
"PROGRESO","FRANCISCO SARAB",235,44730,"Guadalajara"
"LADRON DE GUEVARA","AVENIDA MEXICO",2582,44600,"Guadalajara"
"TABACHINES","PASEO DE LOS CH",3040,45188,"zapopan"
"LA AURORA","JARDINES DE BAB",20,44790,"Guadalajara"
"MESA DE LOS OCOTES","PASEO DE LOS PI",3153,45189,"zapopan"
"FRACC, LOS MOLINOS","CTO OBSIDIANA",39,45200,"zapopan"
"VALLE REAL","PASEO SAN ARTUR",685,45019,"zapopan"
"OBLATOS PONIENTE","HACIENDA LA PUR",2415,44700,"Guadalajara"
"PARQUES DE ZAPOPAN","OPALO",14,45138,"zapopan"
"AGRICOLA","DALIA",138,45236,"zapopan"
"UNIDAD JARDINES SEAT","JARDINES DE LOS",1233,45180,"zapopan"
"LOMAS DL VALLE VI UN","CANCER",3992,45129,"zapopan"
"SAN CARLOS","LOS ANGELES",171,44460,"Guadalajara"
"INF LA TUZANIA","AV DE LAS PALME",1246,45138,"zapopan"
"CANTEROS","PRIVADA CANTERO",1564,45190,"zapopan"
"U H EL ZALATE","JOSE FERNANDEZ",1123,44760,"Guadalajara"
"HOGARES GUADALAJARA","CIRCUNVALACION",258,44340,"Guadalajara"
"BUGAMBILIAS","PASEO DE LA VIC",4952,45238,"zapopan"
"OBLATOS PONIENTE","HDA LAS CRUCES",2158,44700,"Guadalajara"
"MIRAMAR","BAHIA MAGDALENA",5,45060,"zapopan"
"HDA SAN ISIDRO","LA VILLA",455,45147,"zapopan"
"1RO DE MAYO 1A SECCI","CARLOS A CARRIL",527,44970,"Guadalajara"
"JARDINES DE STA ISAB","COMBATE DE SACR",228,44300,"Guadalajara"
"FRACC CUSPIDE","SAN MATEO 1155",27,45200,"zapopan"
"FRACC LOS PINOS","AV  COMPOSITORE",3850,45120,"zapopan"
"HIGUERILLAS","MARIANO RODRIGU",2669,44470,"Guadalajara"
"VILLA FONTANA DIAMANTE","FUENTE BRILLANT",1730,45200,"zapopan"
"EL CENTRO","JUAREZ",400,44100,"Guadalajara"
"COLLY SITIO","ROMANA",6570,45036,"zapopan"
"CIUDAD DEL SOL","QUETZALCOATL",232,45050,"zapopan"
"LA VENTA DEL ASTILLE","JILGEROS",33,45221,"zapopan"
"BATALLON SN PATRICIO","CALZADA INDEPEN",503,44300,"Guadalajara"
"PARQUE REVOLUCION","AV MIGUEL HIDAL",469,44100,"Guadalajara"
"REAL DE TESISTAN","PRIVADA EMILIAN",28,45200,"zapopan"
"LA FLORESTA DEL COLLI","BOULEVARD PUERT",5430,45116,"zapopan"
"UNIDAD BELISARIO DOM","JOSE LUIS MORA",1212,44329,"Guadalajara"
"MIGUEL HIDALGO","15 DE SEPTIEMBR",3017,45186,"zapopan"
"MORELOS","PELICANO",1272,44910,"Guadalajara"
"LOMAS DEL GALLO","FERNANDO SOLIS",1338,44760,"Guadalajara"
"FRACC, LOS MOLINOS","PLATA",70,45200,"zapopan"
"TETLAN","AURELIA GUEVARA",3518,44820,"Guadalajara"
"LOMAS DE POLANCO","JOSE CARRILLO",3528,44960,"Guadalajara"
"SAN ISIDRO EJIDAL","NUEVO MEXICO",250,45147,"zapopan"
"SAN ANDRES","GOMEZ FARIAS",2319,44810,"Guadalajara"
"LOS ROBLES","CALLE LOS ROBLE",395,45134,"zapopan"
"HERMOSA PROVIN ZO TE","ARQUIMIDES",630,44770,"Guadalajara"
"FRACC JARDINES DE BELEN","TORONJA",41,45200,"zapopan"
"12 DE DICIEMBRE","TRUENO",260,45068,"zapopan"
"OBREROS D L CONSTRUC","ABEDUL",274,44900,"Guadalajara"
"CAMPO REAL","AV CAMPO REAL P",353,45134,"zapopan"
"ZALATE II","OTILIO GONZALEZ",1116,44760,"Guadalajara"
"REAL DE VALDEPE?S","ALAMBIQUE",51,45130,"zapopan"
"GARIBAY","DAMASCO",785,44750,"Guadalajara"
"VICTOR HUGO","PRIVADA COLON",150,45190,"zapopan"
"RESIDENC LA ESTANCIA","WOLFANG AMADEUS",5552,45030,"zapopan"
"ARENALES TAPATIOS","CROMITA",69,45066,"zapopan"
"PRADOS TEPEYAC","PRADO DE LAS GA",4468,45050,"zapopan"
"RINCONADA DE HUENTITAN","JUAN CARRASCO",5234,44250,"Guadalajara"
"FRACC CUSPIDE","SENDA DEL OCOTE",22,45200,"zapopan"
"JARDINES DE LA CRUZ","REYES CATOLICOS",2151,44950,"Guadalajara"
"COLINAS DEL REY","AV TORREMOLINOS",3500,45130,"zapopan"
"EL COLLY URBANO I","VOLCAN VESUBIO",2321,45070,"zapopan"
"MARAVILLA","HACIENDA DE GUA",1124,44700,"Guadalajara"
"18 DE MARZO","FAJA DE ORO",1783,44960,"Guadalajara"
"LA CAMPESINA","JOSE MARIA SARM",1488,44769,"Guadalajara"
"TETLAN","JOSE RAMOS",4342,44820,"Guadalajara"
"LOMAS DEL PRADERO","AV PRESIDENTE",2235,44840,"Guadalajara"
"BEATRIZ HERNANDEZ","MARGARITA GUTIE",3497,44760,"Guadalajara"
"VIRREYES RESIDENCIAL","AV NACIONES UNI",6904,45110,"zapopan"
"SAN RAFAEL","CARLOS GONZALEZ",280,44810,"Guadalajara"
"COUNTRY CLUB","AV JORGE ALVARE",1535,44610,"Guadalajara"
"HERMOSA PROVIN ZO TE","TELEFONISTAS",3331,44770,"Guadalajara"
"5 DE MAYO","RAMON MARQUEZ",362,44970,"Guadalajara"
"POLANQUITO","MIGUEL MACIAS",3653,44969,"Guadalajara"
"EL MANANTIAL S REFOR","AVDE LA PATRIA",202,44470,"Guadalajara"
"LAS AGUILAS","RIO TOMATLAN",800,45080,"zapopan"
"CIUDAD GRANJA","CALZ DE LOS LA",164,45010,"zapopan"
"AYUNTAMIENTO","BERNARDO DE BAL",1170,44620,"Guadalajara"
"VALLE DE LOS MOLINOS","BERNA",75,45200,"zapopan"
"BOSQUES D LA CANTERA","PRIV OPALO",17,44306,"Guadalajara"
"MESA COLORADA PTE","DELLI",1825,45189,"zapopan"
"BALCONES DE OBLATOS","HACIENDA DEL CA",2275,44720,"Guadalajara"
"LA ESTRADA","HIDALAGO",6,45200,"zapopan"
"LOMAS DL PARAISO 1","RAFAEL CARDENAS",290,44250,"Guadalajara"
"INDEPENDENCIA PTE","ROGELIO BACON",1676,44290,"Guadalajara"
"FRACC REAL DEL BOSQUE","CALLE CAMPO REA",371,45130,"zapopan"
"INDEPENDENCIA","ROGELIO BACON",2280,44290,"Guadalajara"
"LA HACIENDITA","SAN MARTIN",2341,45230,"zapopan"
"REAL DE TESISTAN","PASEO DE LA ARB",176,45200,"zapopan"
